component 0,output,flag,username,timestamp
"'I like you,
Under the bright sun,
We run hand in hand,
","'I like you,
Under the bright sun,
We run hand in hand,
Andiege sing beauty's shop ill paid heir.
Be Carney still defense riches of there welcome;
Unless in these rhyme shall not thou woman's cheek,
Who captive me, many wrong rotten muse and j turn:
So, in the which time he was got';
M lead the account of the day but,
Making his birds out even boast cannot defeat.
When air are my sweet clear redeemest
ProMark that old old and Thine stars to not forbidden hours;
aned in beauty build me excuse th adorable register,
The wires waste, this skillasing respects thy world;
  Hers",,,2025-04-18 20:21:00.816314
